"Status","Start Time","Stop Time","Duration in ms","Parent Suite","Suite","Sub Suite","Test Class","Test Method","Name","Description"
"passed","Tue May 04 02:01:26 GMT 2021","Tue May 04 02:01:28 GMT 2021","1717","SHAFT_Engine: Custom Suite","SHAFT_Engine: Custom Test","testPackage01.Test_dragAndDrop","testPackage01.Test_dragAndDrop","dragAndDrop","TC001 - Test Drag and Drop function.",""
"passed","Tue May 04 02:01:32 GMT 2021","Tue May 04 02:01:32 GMT 2021","1","SHAFT_Engine: Custom Suite","SHAFT_Engine: Custom Test","testPackage01.Test_SkipDueToIssue","testPackage01.Test_SkipDueToIssue","skip2","skip2",""
"passed","Tue May 04 02:05:12 GMT 2021","Tue May 04 02:05:14 GMT 2021","1849","SHAFT_Engine: Custom Suite","SHAFT_Engine: Custom Test","unitTests.tests_validations_assertions","unitTests.tests_validations_assertions","assertElementAttribute_type_true_literalComparison_expectedToPass","assertElementAttribute_type_true_literalComparison_expectedToPass",""
"passed","Tue May 04 02:03:14 GMT 2021","Tue May 04 02:03:14 GMT 2021","8","SHAFT_Engine: Custom Suite","SHAFT_Engine: Custom Test","testPackage01.Test_NewValidationHelper","testPackage01.Test_NewValidationHelper","f37","f37",""
"passed","Tue May 04 02:04:22 GMT 2021","Tue May 04 02:04:22 GMT 2021","17","SHAFT_Engine: Custom Suite","SHAFT_Engine: Custom Test","testPackage01.Test_JsonCompareWithSpecialCharacters","testPackage01.Test_JsonCompareWithSpecialCharacters","specialCharacters_assertion","specialCharacters_assertion",""
"passed","Tue May 04 02:01:32 GMT 2021","Tue May 04 02:01:32 GMT 2021","9","SHAFT_Engine: Custom Suite","SHAFT_Engine: Custom Test","testPackage01.Test_SkipDueToIssue","testPackage01.Test_SkipDueToIssue","skip","skip",""
"passed","Tue May 04 02:03:14 GMT 2021","Tue May 04 02:03:14 GMT 2021","1","SHAFT_Engine: Custom Suite","SHAFT_Engine: Custom Test","testPackage01.Test_NewValidationHelper","testPackage01.Test_NewValidationHelper","f25","f25",""
"passed","Tue May 04 02:01:45 GMT 2021","Tue May 04 02:01:46 GMT 2021","1826","SHAFT_Engine: Custom Suite","SHAFT_Engine: Custom Test","testPackage01.Test_JSONFileManager","testPackage01.Test_JSONFileManager","readStringFromJson","readStringFromJson",""
"passed","Tue May 04 02:03:14 GMT 2021","Tue May 04 02:03:14 GMT 2021","4","SHAFT_Engine: Custom Suite","SHAFT_Engine: Custom Test","testPackage01.Test_NewValidationHelper","testPackage01.Test_NewValidationHelper","f4","f4",""
"passed","Tue May 04 02:05:32 GMT 2021","Tue May 04 02:06:03 GMT 2021","30774","SHAFT_Engine: Custom Suite","SHAFT_Engine: Custom Test","unitTests.tests_validations_assertions","unitTests.tests_validations_assertions","assertElementExists_true_expectedToFail","assertElementExists_true_expectedToFail",""
"passed","Tue May 04 02:01:25 GMT 2021","Tue May 04 02:01:26 GMT 2021","631","SHAFT_Engine: Custom Suite","SHAFT_Engine: Custom Test","testPackage01.Test_IsElementClickable","testPackage01.Test_IsElementClickable","testIsElementClickable","testIsElementClickable",""
"passed","Tue May 04 02:04:38 GMT 2021","Tue May 04 02:04:40 GMT 2021","1765","SHAFT_Engine: Custom Suite","SHAFT_Engine: Custom Test","unitTests.tests_validations_assertions","unitTests.tests_validations_assertions","assertElementAttribute_false_literalComparison_expectedToPass","assertElementAttribute_false_literalComparison_expectedToPass",""
"passed","Tue May 04 02:03:47 GMT 2021","Tue May 04 02:03:47 GMT 2021","1","SHAFT_Engine: Custom Suite","SHAFT_Engine: Custom Test","testPackage01.Test_NewValidationHelper","testPackage01.Test_NewValidationHelper","forceFail","forceFail",""
"passed","Tue May 04 02:06:38 GMT 2021","Tue May 04 02:06:38 GMT 2021","1","SHAFT_Engine: Custom Suite","SHAFT_Engine: Custom Test","unitTests.tests_validations_assertions","unitTests.tests_validations_assertions","assertNull_true_expectedToPass","assertNull_true_expectedToPass",""
"passed","Tue May 04 02:06:40 GMT 2021","Tue May 04 02:06:40 GMT 2021","271","SHAFT_Engine: Custom Suite","SHAFT_Engine: Custom Test","unitTests.tests_browserActions","unitTests.tests_browserActions","fullScreenWindow","fullScreenWindow",""
"passed","Tue May 04 02:04:48 GMT 2021","Tue May 04 02:04:49 GMT 2021","1022","SHAFT_Engine: Custom Suite","SHAFT_Engine: Custom Test","unitTests.tests_validations_assertions","unitTests.tests_validations_assertions","assertElementAttribute_true_caseInsensitiveComparison_expectedToFail","assertElementAttribute_true_caseInsensitiveComparison_expectedToFail",""
"passed","Tue May 04 02:04:22 GMT 2021","Tue May 04 02:04:22 GMT 2021","0","SHAFT_Engine: Custom Suite","SHAFT_Engine: Custom Test","unitTests.tests_validations_assertions","unitTests.tests_validations_assertions","assertComparativeRelation_greaterThanOrEquals_false_equals_expectedToFail","assertComparativeRelation_greaterThanOrEquals_false_equals_expectedToFail",""
"passed","Tue May 04 02:03:14 GMT 2021","Tue May 04 02:03:14 GMT 2021","3","SHAFT_Engine: Custom Suite","SHAFT_Engine: Custom Test","testPackage01.Test_NewValidationHelper","testPackage01.Test_NewValidationHelper","f23","f23",""
"passed","Tue May 04 02:04:59 GMT 2021","Tue May 04 02:05:01 GMT 2021","1861","SHAFT_Engine: Custom Suite","SHAFT_Engine: Custom Test","unitTests.tests_validations_assertions","unitTests.tests_validations_assertions","assertElementAttribute_true_literalComparison_expectedToFail","assertElementAttribute_true_literalComparison_expectedToFail",""
"passed","Tue May 04 02:02:12 GMT 2021","Tue May 04 02:02:12 GMT 2021","353","SHAFT_Engine: Custom Suite","SHAFT_Engine: Custom Test","testPackage01.Test_NewValidationHelper","testPackage01.Test_NewValidationHelper","f14","f14",""
"passed","Tue May 04 02:05:30 GMT 2021","Tue May 04 02:05:30 GMT 2021","348","SHAFT_Engine: Custom Suite","SHAFT_Engine: Custom Test","unitTests.tests_validations_assertions","unitTests.tests_validations_assertions","assertElementExists_false_multipleElementsFound_expectedToFail","assertElementExists_false_multipleElementsFound_expectedToFail",""
"passed","Tue May 04 02:02:45 GMT 2021","Tue May 04 02:02:45 GMT 2021","393","SHAFT_Engine: Custom Suite","SHAFT_Engine: Custom Test","testPackage01.Test_NewValidationHelper","testPackage01.Test_NewValidationHelper","f20","f20",""
"failed","Tue May 04 02:07:42 GMT 2021","Tue May 04 02:07:49 GMT 2021","6507","SHAFT_Engine: Custom Suite","SHAFT_Engine: Custom Test","unitTests.tests_element_elementActions","unitTests.tests_element_elementActions","waitForElementToBePresent_true_expectedToPass","waitForElementToBePresent_true_expectedToPass",""
"passed","Tue May 04 02:01:01 GMT 2021","Tue May 04 02:01:07 GMT 2021","5897","SHAFT_Engine: Custom Suite","SHAFT_Engine: Custom Test","testPackage01.Test_assertEquals","testPackage01.Test_assertEquals","test_assertElementAttribute","test_assertElementAttribute",""
"passed","Tue May 04 02:01:12 GMT 2021","Tue May 04 02:01:19 GMT 2021","6543","SHAFT_Engine: Custom Suite","SHAFT_Engine: Custom Test","testPackage01.Test_dynamicLoading","testPackage01.Test_dynamicLoading","dynamicLoading_elementIsRendered","dynamicLoading_elementIsRendered",""
"broken","Tue May 04 02:07:49 GMT 2021","Tue May 04 02:07:49 GMT 2021","213","SHAFT_Engine: Custom Suite","SHAFT_Engine: Custom Test","unitTests.tests_restActions","unitTests.tests_restActions","getPostsAndAssertBodyForSpecificTitle","getPostsAndAssertBodyForSpecificTitle",""
"passed","Tue May 04 02:03:14 GMT 2021","Tue May 04 02:03:14 GMT 2021","1","SHAFT_Engine: Custom Suite","SHAFT_Engine: Custom Test","testPackage01.Test_NewValidationHelper","testPackage01.Test_NewValidationHelper","f26","f26",""
"passed","Tue May 04 02:04:45 GMT 2021","Tue May 04 02:04:46 GMT 2021","1021","SHAFT_Engine: Custom Suite","SHAFT_Engine: Custom Test","unitTests.tests_validations_assertions","unitTests.tests_validations_assertions","assertElementAttribute_false_regexComparison_expectedToPass","assertElementAttribute_false_regexComparison_expectedToPass",""
"passed","Tue May 04 02:06:37 GMT 2021","Tue May 04 02:06:38 GMT 2021","502","SHAFT_Engine: Custom Suite","SHAFT_Engine: Custom Test","unitTests.tests_validations_assertions","unitTests.tests_validations_assertions","assertFileExists_false_expectedToPass","assertFileExists_false_expectedToPass",""
"passed","Tue May 04 02:06:37 GMT 2021","Tue May 04 02:06:37 GMT 2021","1","SHAFT_Engine: Custom Suite","SHAFT_Engine: Custom Test","unitTests.tests_validations_assertions","unitTests.tests_validations_assertions","assertEquals_true_expectedToPass__","assertEquals_true_expectedToPass__",""
"passed","Tue May 04 02:03:14 GMT 2021","Tue May 04 02:03:14 GMT 2021","3","SHAFT_Engine: Custom Suite","SHAFT_Engine: Custom Test","testPackage01.Test_NewValidationHelper","testPackage01.Test_NewValidationHelper","f6","f6",""
"passed","Tue May 04 02:06:57 GMT 2021","Tue May 04 02:06:58 GMT 2021","231","SHAFT_Engine: Custom Suite","SHAFT_Engine: Custom Test","unitTests.tests_browserActions","unitTests.tests_browserActions","maximizeWindow","maximizeWindow",""
"passed","Tue May 04 02:02:09 GMT 2021","Tue May 04 02:02:09 GMT 2021","364","SHAFT_Engine: Custom Suite","SHAFT_Engine: Custom Test","testPackage01.Test_NewValidationHelper","testPackage01.Test_NewValidationHelper","f12","f12",""
"passed","Tue May 04 02:06:43 GMT 2021","Tue May 04 02:06:43 GMT 2021","35","SHAFT_Engine: Custom Suite","SHAFT_Engine: Custom Test","unitTests.tests_browserActions","unitTests.tests_browserActions","getCurrentURL","getCurrentURL",""
"passed","Tue May 04 02:04:22 GMT 2021","Tue May 04 02:04:22 GMT 2021","1","SHAFT_Engine: Custom Suite","SHAFT_Engine: Custom Test","unitTests.tests_validations_assertions","unitTests.tests_validations_assertions","assertComparativeRelation_greaterThanOrEquals_true_greaterThan_expectedToFail","assertComparativeRelation_greaterThanOrEquals_true_greaterThan_expectedToFail",""
"passed","Tue May 04 02:03:14 GMT 2021","Tue May 04 02:03:14 GMT 2021","5","SHAFT_Engine: Custom Suite","SHAFT_Engine: Custom Test","testPackage01.Test_NewValidationHelper","testPackage01.Test_NewValidationHelper","f6_2","f6_2",""
"passed","Tue May 04 02:04:22 GMT 2021","Tue May 04 02:04:22 GMT 2021","1","SHAFT_Engine: Custom Suite","SHAFT_Engine: Custom Test","unitTests.tests_validations_assertions","unitTests.tests_validations_assertions","assertComparativeRelation_greaterThanOrEquals_true_equals_expectedToPass","assertComparativeRelation_greaterThanOrEquals_true_equals_expectedToPass",""
"passed","Tue May 04 02:02:43 GMT 2021","Tue May 04 02:02:44 GMT 2021","388","SHAFT_Engine: Custom Suite","SHAFT_Engine: Custom Test","testPackage01.Test_NewValidationHelper","testPackage01.Test_NewValidationHelper","f19","f19",""
"passed","Tue May 04 02:07:00 GMT 2021","Tue May 04 02:07:02 GMT 2021","1493","SHAFT_Engine: Custom Suite","SHAFT_Engine: Custom Test","unitTests.tests_browserActions","unitTests.tests_browserActions","navigateBack","navigateBack",""
"passed","Tue May 04 02:01:19 GMT 2021","Tue May 04 02:01:22 GMT 2021","3089","SHAFT_Engine: Custom Suite","SHAFT_Engine: Custom Test","testPackage01.Test_SelectedValue","testPackage01.Test_SelectedValue","multipleSelect","multipleSelect",""
"skipped","Tue May 04 02:04:21 GMT 2021","Tue May 04 02:04:21 GMT 2021","15","SHAFT_Engine: Custom Suite","SHAFT_Engine: Custom Test","testPackage01.Test_google","testPackage01.Test_google","searchForQueryandAssertResultsNumDisplayed","TC002 - Search for Query and Assert that the number of results is displayed",""
"passed","Tue May 04 02:07:20 GMT 2021","Tue May 04 02:07:26 GMT 2021","6152","SHAFT_Engine: Custom Suite","SHAFT_Engine: Custom Test","unitTests.tests_element_elementActions","unitTests.tests_element_elementActions","waitForElementToBePresent_false_expectedToFail","waitForElementToBePresent_false_expectedToFail",""
"failed","Tue May 04 02:03:49 GMT 2021","Tue May 04 02:04:21 GMT 2021","32121","SHAFT_Engine: Custom Suite","SHAFT_Engine: Custom Test","testPackage01.Test_google","testPackage01.Test_google","navigateToURLandVerifyGoogleLogoIsDisplayed","TC001 - Navigate to URL and Verify Google Logo is Displayed",""
"passed","Tue May 04 02:03:14 GMT 2021","Tue May 04 02:03:14 GMT 2021","1","SHAFT_Engine: Custom Suite","SHAFT_Engine: Custom Test","testPackage01.Test_NewValidationHelper","testPackage01.Test_NewValidationHelper","f28","f28",""
"passed","Tue May 04 02:02:44 GMT 2021","Tue May 04 02:02:44 GMT 2021","1","SHAFT_Engine: Custom Suite","SHAFT_Engine: Custom Test","testPackage01.Test_NewValidationHelper","testPackage01.Test_NewValidationHelper","f2","f2",""
"passed","Tue May 04 02:06:37 GMT 2021","Tue May 04 02:06:37 GMT 2021","2","SHAFT_Engine: Custom Suite","SHAFT_Engine: Custom Test","unitTests.tests_validations_assertions","unitTests.tests_validations_assertions","assertEquals_false_expectedToFail","assertEquals_false_expectedToFail",""
"passed","Tue May 04 02:03:14 GMT 2021","Tue May 04 02:03:14 GMT 2021","2","SHAFT_Engine: Custom Suite","SHAFT_Engine: Custom Test","testPackage01.Test_NewValidationHelper","testPackage01.Test_NewValidationHelper","f3","f3",""
"passed","Tue May 04 02:03:15 GMT 2021","Tue May 04 02:03:15 GMT 2021","308","SHAFT_Engine: Custom Suite","SHAFT_Engine: Custom Test","testPackage01.Test_NewValidationHelper","testPackage01.Test_NewValidationHelper","f8","f8",""
"passed","Tue May 04 02:03:14 GMT 2021","Tue May 04 02:03:14 GMT 2021","1","SHAFT_Engine: Custom Suite","SHAFT_Engine: Custom Test","testPackage01.Test_NewValidationHelper","testPackage01.Test_NewValidationHelper","f30","f30",""
"passed","Tue May 04 02:07:27 GMT 2021","Tue May 04 02:07:33 GMT 2021","6207","SHAFT_Engine: Custom Suite","SHAFT_Engine: Custom Test","unitTests.tests_element_elementActions","unitTests.tests_element_elementActions","waitForElementToBePresent_false_expectedToPass","waitForElementToBePresent_false_expectedToPass",""
"passed","Tue May 04 02:06:37 GMT 2021","Tue May 04 02:06:37 GMT 2021","11","SHAFT_Engine: Custom Suite","SHAFT_Engine: Custom Test","unitTests.tests_validations_assertions","unitTests.tests_validations_assertions","assertEquals_false_expectedToPass","assertEquals_false_expectedToPass",""
"passed","Tue May 04 02:04:35 GMT 2021","Tue May 04 02:04:36 GMT 2021","1610","SHAFT_Engine: Custom Suite","SHAFT_Engine: Custom Test","unitTests.tests_validations_assertions","unitTests.tests_validations_assertions","assertElementAttribute_false_literalComparison_expectedToFail","assertElementAttribute_false_literalComparison_expectedToFail",""
"passed","Tue May 04 02:06:38 GMT 2021","Tue May 04 02:06:38 GMT 2021","502","SHAFT_Engine: Custom Suite","SHAFT_Engine: Custom Test","unitTests.tests_validations_assertions","unitTests.tests_validations_assertions","assertFileExists_true_expectedToFail","assertFileExists_true_expectedToFail",""
"passed","Tue May 04 02:06:37 GMT 2021","Tue May 04 02:06:37 GMT 2021","1","SHAFT_Engine: Custom Suite","SHAFT_Engine: Custom Test","unitTests.tests_validations_assertions","unitTests.tests_validations_assertions","assertEquals_longCharacters_Discreet","assertEquals_longCharacters_Discreet",""
"skipped","Tue May 04 02:04:21 GMT 2021","Tue May 04 02:04:21 GMT 2021","7","SHAFT_Engine: Custom Suite","SHAFT_Engine: Custom Test","testPackage01.Test_google","testPackage01.Test_google","clickNextThrice","TC003 - Clicks the next button to make sure that the framework can scroll element into view before clicking it",""
"passed","Tue May 04 02:01:58 GMT 2021","Tue May 04 02:02:08 GMT 2021","10450","SHAFT_Engine: Custom Suite","SHAFT_Engine: Custom Test","testPackage01.Test_NewValidationHelper","testPackage01.Test_NewValidationHelper","f11","f11",""
"passed","Tue May 04 02:06:37 GMT 2021","Tue May 04 02:06:37 GMT 2021","323","SHAFT_Engine: Custom Suite","SHAFT_Engine: Custom Test","unitTests.tests_validations_assertions","unitTests.tests_validations_assertions","assertElementExists_true_multipleElementsFound_expectedToFail","assertElementExists_true_multipleElementsFound_expectedToFail",""
"passed","Tue May 04 02:03:14 GMT 2021","Tue May 04 02:03:14 GMT 2021","0","SHAFT_Engine: Custom Suite","SHAFT_Engine: Custom Test","testPackage01.Test_NewValidationHelper","testPackage01.Test_NewValidationHelper","f32","f32",""
"passed","Tue May 04 02:01:36 GMT 2021","Tue May 04 02:01:39 GMT 2021","2469","SHAFT_Engine: Custom Suite","SHAFT_Engine: Custom Test","testPackage01.Test_clipboardActions","testPackage01.Test_clipboardActions","typeTextAndCopyPaste","typeTextAndCopyPaste",""
"passed","Tue May 04 02:01:47 GMT 2021","Tue May 04 02:01:50 GMT 2021","2804","SHAFT_Engine: Custom Suite","SHAFT_Engine: Custom Test","testPackage01.Test_uploadFile","testPackage01.Test_uploadFile","uploadFile_invisibleUploadInput","uploadFile_invisibleUploadInput",""
"passed","Tue May 04 02:07:16 GMT 2021","Tue May 04 02:07:16 GMT 2021","364","SHAFT_Engine: Custom Suite","SHAFT_Engine: Custom Test","unitTests.tests_browserActions","unitTests.tests_browserActions","refreshCurrentPage","refreshCurrentPage",""
"passed","Tue May 04 02:01:54 GMT 2021","Tue May 04 02:01:55 GMT 2021","1426","SHAFT_Engine: Custom Suite","SHAFT_Engine: Custom Test","testPackage01.Test_ShadowDOM","testPackage01.Test_ShadowDOM","shadowdom","shadowdom",""
"passed","Tue May 04 02:01:28 GMT 2021","Tue May 04 02:01:29 GMT 2021","735","SHAFT_Engine: Custom Suite","SHAFT_Engine: Custom Test","testPackage01.Test_dragAndDrop","testPackage01.Test_dragAndDrop","dragAndDropByOffset","TC002 - Test Drag and Drop by offset function.",""
"passed","Tue May 04 02:07:51 GMT 2021","Tue May 04 02:07:51 GMT 2021","6","SHAFT_Engine: Custom Suite","SHAFT_Engine: Custom Test","unitTests.tests_io_excelFileManager","unitTests.tests_io_excelFileManager","getCellData_rowName_expectedToPass","getCellData_rowName_expectedToPass",""
"passed","Tue May 04 02:06:47 GMT 2021","Tue May 04 02:06:48 GMT 2021","66","SHAFT_Engine: Custom Suite","SHAFT_Engine: Custom Test","unitTests.tests_browserActions","unitTests.tests_browserActions","getPageSource","getPageSource",""
"passed","Tue May 04 02:03:14 GMT 2021","Tue May 04 02:03:14 GMT 2021","16","SHAFT_Engine: Custom Suite","SHAFT_Engine: Custom Test","testPackage01.Test_NewValidationHelper","testPackage01.Test_NewValidationHelper","f35","f35",""
"passed","Tue May 04 02:03:14 GMT 2021","Tue May 04 02:03:14 GMT 2021","1","SHAFT_Engine: Custom Suite","SHAFT_Engine: Custom Test","testPackage01.Test_NewValidationHelper","testPackage01.Test_NewValidationHelper","f27","f27",""
"passed","Tue May 04 02:01:22 GMT 2021","Tue May 04 02:01:25 GMT 2021","2165","SHAFT_Engine: Custom Suite","SHAFT_Engine: Custom Test","testPackage01.Test_SelectedValue","testPackage01.Test_SelectedValue","simpleSelect","simpleSelect",""
"passed","Tue May 04 02:06:45 GMT 2021","Tue May 04 02:06:45 GMT 2021","37","SHAFT_Engine: Custom Suite","SHAFT_Engine: Custom Test","unitTests.tests_browserActions","unitTests.tests_browserActions","getCurrentWindowTitle","getCurrentWindowTitle",""
"passed","Tue May 04 02:01:10 GMT 2021","Tue May 04 02:01:11 GMT 2021","1807","SHAFT_Engine: Custom Suite","SHAFT_Engine: Custom Test","testPackage01.Test_dynamicLoading","testPackage01.Test_dynamicLoading","dynamicLoading_elementIsHidden","dynamicLoading_elementIsHidden",""
"passed","Tue May 04 02:05:18 GMT 2021","Tue May 04 02:05:28 GMT 2021","10463","SHAFT_Engine: Custom Suite","SHAFT_Engine: Custom Test","unitTests.tests_validations_assertions","unitTests.tests_validations_assertions","assertElementExists_false_expectedToPass","assertElementExists_false_expectedToPass",""
"passed","Tue May 04 02:04:53 GMT 2021","Tue May 04 02:04:54 GMT 2021","1022","SHAFT_Engine: Custom Suite","SHAFT_Engine: Custom Test","unitTests.tests_validations_assertions","unitTests.tests_validations_assertions","assertElementAttribute_true_containsComparison_expectedToFail","assertElementAttribute_true_containsComparison_expectedToFail",""
"passed","Tue May 04 02:04:42 GMT 2021","Tue May 04 02:04:43 GMT 2021","1095","SHAFT_Engine: Custom Suite","SHAFT_Engine: Custom Test","unitTests.tests_validations_assertions","unitTests.tests_validations_assertions","assertElementAttribute_false_regexComparison_expectedToFail","assertElementAttribute_false_regexComparison_expectedToFail",""
"passed","Tue May 04 02:04:22 GMT 2021","Tue May 04 02:04:22 GMT 2021","1","SHAFT_Engine: Custom Suite","SHAFT_Engine: Custom Test","unitTests.tests_validations_assertions","unitTests.tests_validations_assertions","assertComparativeRelation_greaterThanOrEquals_true_greaterThan_expectedToPass","assertComparativeRelation_greaterThanOrEquals_true_greaterThan_expectedToPass",""
"failed","Tue May 04 02:06:04 GMT 2021","Tue May 04 02:06:35 GMT 2021","30742","SHAFT_Engine: Custom Suite","SHAFT_Engine: Custom Test","unitTests.tests_validations_assertions","unitTests.tests_validations_assertions","assertElementExists_true_expectedToPass","assertElementExists_true_expectedToPass",""
"passed","Tue May 04 02:07:19 GMT 2021","Tue May 04 02:07:19 GMT 2021","223","SHAFT_Engine: Custom Suite","SHAFT_Engine: Custom Test","unitTests.tests_browserActions","unitTests.tests_browserActions","setWindowSize","setWindowSize",""
"passed","Tue May 04 02:03:14 GMT 2021","Tue May 04 02:03:14 GMT 2021","1","SHAFT_Engine: Custom Suite","SHAFT_Engine: Custom Test","testPackage01.Test_NewValidationHelper","testPackage01.Test_NewValidationHelper","f31","f31",""
"passed","Tue May 04 02:06:38 GMT 2021","Tue May 04 02:06:38 GMT 2021","1","SHAFT_Engine: Custom Suite","SHAFT_Engine: Custom Test","unitTests.tests_validations_assertions","unitTests.tests_validations_assertions","assertNull_true_expectedToFail","assertNull_true_expectedToFail",""
"passed","Tue May 04 02:04:32 GMT 2021","Tue May 04 02:04:33 GMT 2021","1053","SHAFT_Engine: Custom Suite","SHAFT_Engine: Custom Test","unitTests.tests_validations_assertions","unitTests.tests_validations_assertions","assertElementAttribute_false_containsComparison_expectedToPass","assertElementAttribute_false_containsComparison_expectedToPass",""
"passed","Tue May 04 02:06:50 GMT 2021","Tue May 04 02:06:50 GMT 2021","43","SHAFT_Engine: Custom Suite","SHAFT_Engine: Custom Test","unitTests.tests_browserActions","unitTests.tests_browserActions","getWindowHandle","getWindowHandle",""
"passed","Tue May 04 02:02:10 GMT 2021","Tue May 04 02:02:11 GMT 2021","304","SHAFT_Engine: Custom Suite","SHAFT_Engine: Custom Test","testPackage01.Test_NewValidationHelper","testPackage01.Test_NewValidationHelper","f13","f13",""
"passed","Tue May 04 02:03:14 GMT 2021","Tue May 04 02:03:14 GMT 2021","2","SHAFT_Engine: Custom Suite","SHAFT_Engine: Custom Test","testPackage01.Test_NewValidationHelper","testPackage01.Test_NewValidationHelper","f36","f36",""
"passed","Tue May 04 02:03:14 GMT 2021","Tue May 04 02:03:14 GMT 2021","0","SHAFT_Engine: Custom Suite","SHAFT_Engine: Custom Test","testPackage01.Test_NewValidationHelper","testPackage01.Test_NewValidationHelper","f33","f33",""
"passed","Tue May 04 02:04:21 GMT 2021","Tue May 04 02:04:21 GMT 2021","105","SHAFT_Engine: Custom Suite","SHAFT_Engine: Custom Test","testPackage01.Test_testData","testPackage01.Test_testData","f","f",""
"passed","Tue May 04 02:07:34 GMT 2021","Tue May 04 02:07:35 GMT 2021","1383","SHAFT_Engine: Custom Suite","SHAFT_Engine: Custom Test","unitTests.tests_element_elementActions","unitTests.tests_element_elementActions","waitForElementToBePresent_moreThanOneElement_expectedToFail","waitForElementToBePresent_moreThanOneElement_expectedToFail",""
"passed","Tue May 04 02:02:14 GMT 2021","Tue May 04 02:02:40 GMT 2021","25626","SHAFT_Engine: Custom Suite","SHAFT_Engine: Custom Test","testPackage01.Test_NewValidationHelper","testPackage01.Test_NewValidationHelper","f16","f16",""
"passed","Tue May 04 02:01:40 GMT 2021","Tue May 04 02:01:44 GMT 2021","3891","SHAFT_Engine: Custom Suite","SHAFT_Engine: Custom Test","testPackage01.Test_verifyEquals","testPackage01.Test_verifyEquals","test_assertElementAttribute","test_assertElementAttribute",""
"passed","Tue May 04 02:05:16 GMT 2021","Tue May 04 02:05:16 GMT 2021","345","SHAFT_Engine: Custom Suite","SHAFT_Engine: Custom Test","unitTests.tests_validations_assertions","unitTests.tests_validations_assertions","assertElementExists_false_expectedToFail","assertElementExists_false_expectedToFail",""
"passed","Tue May 04 02:03:14 GMT 2021","Tue May 04 02:03:14 GMT 2021","1","SHAFT_Engine: Custom Suite","SHAFT_Engine: Custom Test","testPackage01.Test_NewValidationHelper","testPackage01.Test_NewValidationHelper","f29","f29",""
"passed","Tue May 04 02:03:14 GMT 2021","Tue May 04 02:03:14 GMT 2021","4","SHAFT_Engine: Custom Suite","SHAFT_Engine: Custom Test","testPackage01.Test_NewValidationHelper","testPackage01.Test_NewValidationHelper","f3_1","f3_1",""
"passed","Tue May 04 02:04:22 GMT 2021","Tue May 04 02:04:22 GMT 2021","0","SHAFT_Engine: Custom Suite","SHAFT_Engine: Custom Test","unitTests.tests_validations_assertions","unitTests.tests_validations_assertions","assertComparativeRelation_greaterThanOrEquals_false_greaterThan_expectedToFail","assertComparativeRelation_greaterThanOrEquals_false_greaterThan_expectedToFail",""
"passed","Tue May 04 02:07:04 GMT 2021","Tue May 04 02:07:06 GMT 2021","2081","SHAFT_Engine: Custom Suite","SHAFT_Engine: Custom Test","unitTests.tests_browserActions","unitTests.tests_browserActions","navigateForward","navigateForward",""
"passed","Tue May 04 02:07:12 GMT 2021","Tue May 04 02:07:13 GMT 2021","1045","SHAFT_Engine: Custom Suite","SHAFT_Engine: Custom Test","unitTests.tests_browserActions","unitTests.tests_browserActions","navigateToURLWithRedirection","navigateToURLWithRedirection",""
"passed","Tue May 04 02:06:37 GMT 2021","Tue May 04 02:06:37 GMT 2021","1","SHAFT_Engine: Custom Suite","SHAFT_Engine: Custom Test","unitTests.tests_validations_assertions","unitTests.tests_validations_assertions","assertFileExists_false_expectedToFail","assertFileExists_false_expectedToFail",""
"passed","Tue May 04 02:04:22 GMT 2021","Tue May 04 02:04:22 GMT 2021","1","SHAFT_Engine: Custom Suite","SHAFT_Engine: Custom Test","unitTests.tests_validations_assertions","unitTests.tests_validations_assertions","assertComparativeRelation_greaterThanOrEquals_false_equals_expectedToPass","assertComparativeRelation_greaterThanOrEquals_false_equals_expectedToPass",""
"passed","Tue May 04 02:04:56 GMT 2021","Tue May 04 02:04:57 GMT 2021","1030","SHAFT_Engine: Custom Suite","SHAFT_Engine: Custom Test","unitTests.tests_validations_assertions","unitTests.tests_validations_assertions","assertElementAttribute_true_containsComparison_expectedToPass","assertElementAttribute_true_containsComparison_expectedToPass",""
"passed","Tue May 04 02:01:30 GMT 2021","Tue May 04 02:01:32 GMT 2021","2109","SHAFT_Engine: Custom Suite","SHAFT_Engine: Custom Test","testPackage01.Test_dragAndDrop","testPackage01.Test_dragAndDrop","dragAndDropJquery","dragAndDropJquery",""
"passed","Tue May 04 02:03:14 GMT 2021","Tue May 04 02:03:14 GMT 2021","5","SHAFT_Engine: Custom Suite","SHAFT_Engine: Custom Test","testPackage01.Test_NewValidationHelper","testPackage01.Test_NewValidationHelper","f34","f34",""
"passed","Tue May 04 02:06:38 GMT 2021","Tue May 04 02:06:38 GMT 2021","1","SHAFT_Engine: Custom Suite","SHAFT_Engine: Custom Test","unitTests.tests_validations_assertions","unitTests.tests_validations_assertions","assertFileExists_true_expectedToPass","assertFileExists_true_expectedToPass",""
"passed","Tue May 04 02:02:40 GMT 2021","Tue May 04 02:02:41 GMT 2021","359","SHAFT_Engine: Custom Suite","SHAFT_Engine: Custom Test","testPackage01.Test_NewValidationHelper","testPackage01.Test_NewValidationHelper","f17","f17",""
"passed","Tue May 04 02:03:14 GMT 2021","Tue May 04 02:03:14 GMT 2021","2","SHAFT_Engine: Custom Suite","SHAFT_Engine: Custom Test","testPackage01.Test_NewValidationHelper","testPackage01.Test_NewValidationHelper","f6_1","f6_1",""
"passed","Tue May 04 02:05:09 GMT 2021","Tue May 04 02:05:10 GMT 2021","1013","SHAFT_Engine: Custom Suite","SHAFT_Engine: Custom Test","unitTests.tests_validations_assertions","unitTests.tests_validations_assertions","assertElementAttribute_true_regexComparison_expectedToPass","assertElementAttribute_true_regexComparison_expectedToPass",""
"passed","Tue May 04 02:06:37 GMT 2021","Tue May 04 02:06:37 GMT 2021","2","SHAFT_Engine: Custom Suite","SHAFT_Engine: Custom Test","unitTests.tests_validations_assertions","unitTests.tests_validations_assertions","assertEquals_longCharacters","assertEquals_longCharacters",""
"passed","Tue May 04 02:01:32 GMT 2021","Tue May 04 02:01:32 GMT 2021","1","SHAFT_Engine: Custom Suite","SHAFT_Engine: Custom Test","testPackage01.Test_SkipDueToIssue","testPackage01.Test_SkipDueToIssue","doNotSkip","doNotSkip",""
"passed","Tue May 04 02:03:14 GMT 2021","Tue May 04 02:03:14 GMT 2021","2","SHAFT_Engine: Custom Suite","SHAFT_Engine: Custom Test","testPackage01.Test_NewValidationHelper","testPackage01.Test_NewValidationHelper","f7","f7",""
"passed","Tue May 04 02:04:21 GMT 2021","Tue May 04 02:04:22 GMT 2021","223","SHAFT_Engine: Custom Suite","SHAFT_Engine: Custom Test","testPackage01.Test_JsonCompareWithSpecialCharacters","testPackage01.Test_JsonCompareWithSpecialCharacters","specialCharacters","specialCharacters",""
"passed","Tue May 04 02:04:21 GMT 2021","Tue May 04 02:04:21 GMT 2021","51","SHAFT_Engine: Custom Suite","SHAFT_Engine: Custom Test","testPackage01.Test_JsonActions","testPackage01.Test_JsonActions","f","f",""
"passed","Tue May 04 02:06:38 GMT 2021","Tue May 04 02:06:38 GMT 2021","0","SHAFT_Engine: Custom Suite","SHAFT_Engine: Custom Test","unitTests.tests_validations_assertions","unitTests.tests_validations_assertions","assertNull_false_expectedToPass","assertNull_false_expectedToPass",""
"passed","Tue May 04 02:02:42 GMT 2021","Tue May 04 02:02:42 GMT 2021","396","SHAFT_Engine: Custom Suite","SHAFT_Engine: Custom Test","testPackage01.Test_NewValidationHelper","testPackage01.Test_NewValidationHelper","f18","f18",""
"passed","Tue May 04 02:03:14 GMT 2021","Tue May 04 02:03:14 GMT 2021","1","SHAFT_Engine: Custom Suite","SHAFT_Engine: Custom Test","testPackage01.Test_NewValidationHelper","testPackage01.Test_NewValidationHelper","f24","f24",""
"passed","Tue May 04 02:07:49 GMT 2021","Tue May 04 02:07:51 GMT 2021","1316","SHAFT_Engine: Custom Suite","SHAFT_Engine: Custom Test","unitTests.tests_restActions","unitTests.tests_restActions","validateUserEmail","validateUserEmail",""
"passed","Tue May 04 02:04:51 GMT 2021","Tue May 04 02:04:52 GMT 2021","1094","SHAFT_Engine: Custom Suite","SHAFT_Engine: Custom Test","unitTests.tests_validations_assertions","unitTests.tests_validations_assertions","assertElementAttribute_true_caseInsensitiveComparison_expectedToPass","assertElementAttribute_true_caseInsensitiveComparison_expectedToPass",""
"passed","Tue May 04 02:07:36 GMT 2021","Tue May 04 02:07:42 GMT 2021","6397","SHAFT_Engine: Custom Suite","SHAFT_Engine: Custom Test","unitTests.tests_element_elementActions","unitTests.tests_element_elementActions","waitForElementToBePresent_true_expectedToFail","waitForElementToBePresent_true_expectedToFail",""
"passed","Tue May 04 02:03:14 GMT 2021","Tue May 04 02:03:14 GMT 2021","372","SHAFT_Engine: Custom Suite","SHAFT_Engine: Custom Test","testPackage01.Test_NewValidationHelper","testPackage01.Test_NewValidationHelper","f22","f22",""
"passed","Tue May 04 02:01:56 GMT 2021","Tue May 04 02:01:56 GMT 2021","2","SHAFT_Engine: Custom Suite","SHAFT_Engine: Custom Test","testPackage01.Test_NewValidationHelper","testPackage01.Test_NewValidationHelper","f1","f1",""
"passed","Tue May 04 02:05:03 GMT 2021","Tue May 04 02:05:05 GMT 2021","1837","SHAFT_Engine: Custom Suite","SHAFT_Engine: Custom Test","unitTests.tests_validations_assertions","unitTests.tests_validations_assertions","assertElementAttribute_true_literalComparison_expectedToPass","assertElementAttribute_true_literalComparison_expectedToPass",""
"passed","Tue May 04 02:06:38 GMT 2021","Tue May 04 02:06:38 GMT 2021","2","SHAFT_Engine: Custom Suite","SHAFT_Engine: Custom Test","unitTests.tests_validations_assertions","unitTests.tests_validations_assertions","assertNull_false_expectedToFail","assertNull_false_expectedToFail",""
"passed","Tue May 04 02:07:09 GMT 2021","Tue May 04 02:07:10 GMT 2021","553","SHAFT_Engine: Custom Suite","SHAFT_Engine: Custom Test","unitTests.tests_browserActions","unitTests.tests_browserActions","navigateToURL","navigateToURL",""
"passed","Tue May 04 02:04:26 GMT 2021","Tue May 04 02:04:27 GMT 2021","1083","SHAFT_Engine: Custom Suite","SHAFT_Engine: Custom Test","unitTests.tests_validations_assertions","unitTests.tests_validations_assertions","assertElementAttribute_false_caseInsensitiveComparison_expectedToPass","assertElementAttribute_false_caseInsensitiveComparison_expectedToPass",""
"passed","Tue May 04 02:04:22 GMT 2021","Tue May 04 02:04:22 GMT 2021","0","SHAFT_Engine: Custom Suite","SHAFT_Engine: Custom Test","unitTests.tests_validations_assertions","unitTests.tests_validations_assertions","assertComparativeRelation_greaterThanOrEquals_false_greaterThan_expectedToPass","assertComparativeRelation_greaterThanOrEquals_false_greaterThan_expectedToPass",""
"passed","Tue May 04 02:06:52 GMT 2021","Tue May 04 02:06:52 GMT 2021","47","SHAFT_Engine: Custom Suite","SHAFT_Engine: Custom Test","unitTests.tests_browserActions","unitTests.tests_browserActions","getWindowPosition","getWindowPosition",""
"passed","Tue May 04 02:06:37 GMT 2021","Tue May 04 02:06:37 GMT 2021","1","SHAFT_Engine: Custom Suite","SHAFT_Engine: Custom Test","unitTests.tests_validations_assertions","unitTests.tests_validations_assertions","assertEquals_true_expectedToFail","assertEquals_true_expectedToFail",""
"passed","Tue May 04 02:03:47 GMT 2021","Tue May 04 02:03:47 GMT 2021","2","SHAFT_Engine: Custom Suite","SHAFT_Engine: Custom Test","testPackage01.Test_NewValidationHelper","testPackage01.Test_NewValidationHelper","forceFail2","forceFail2",""
"passed","Tue May 04 02:01:56 GMT 2021","Tue May 04 02:01:57 GMT 2021","334","SHAFT_Engine: Custom Suite","SHAFT_Engine: Custom Test","testPackage01.Test_NewValidationHelper","testPackage01.Test_NewValidationHelper","f10","f10",""
"passed","Tue May 04 02:06:55 GMT 2021","Tue May 04 02:06:55 GMT 2021","50","SHAFT_Engine: Custom Suite","SHAFT_Engine: Custom Test","unitTests.tests_browserActions","unitTests.tests_browserActions","getWindowSize","getWindowSize",""
"passed","Tue May 04 02:02:13 GMT 2021","Tue May 04 02:02:13 GMT 2021","362","SHAFT_Engine: Custom Suite","SHAFT_Engine: Custom Test","testPackage01.Test_NewValidationHelper","testPackage01.Test_NewValidationHelper","f15","f15",""
"passed","Tue May 04 02:04:22 GMT 2021","Tue May 04 02:04:22 GMT 2021","0","SHAFT_Engine: Custom Suite","SHAFT_Engine: Custom Test","unitTests.tests_validations_assertions","unitTests.tests_validations_assertions","assertComparativeRelation_greaterThanOrEquals_true_equals_expectedToFail","assertComparativeRelation_greaterThanOrEquals_true_equals_expectedToFail",""
"passed","Tue May 04 02:04:21 GMT 2021","Tue May 04 02:04:21 GMT 2021","12","SHAFT_Engine: Custom Suite","SHAFT_Engine: Custom Test","testPackage01.Test_JsonActions","testPackage01.Test_JsonActions","f2","f2",""
"passed","Tue May 04 02:04:29 GMT 2021","Tue May 04 02:04:30 GMT 2021","1050","SHAFT_Engine: Custom Suite","SHAFT_Engine: Custom Test","unitTests.tests_validations_assertions","unitTests.tests_validations_assertions","assertElementAttribute_false_containsComparison_expectedToFail","assertElementAttribute_false_containsComparison_expectedToFail",""
"passed","Tue May 04 02:03:16 GMT 2021","Tue May 04 02:03:47 GMT 2021","30769","SHAFT_Engine: Custom Suite","SHAFT_Engine: Custom Test","testPackage01.Test_NewValidationHelper","testPackage01.Test_NewValidationHelper","f9","f9",""
"passed","Tue May 04 02:02:46 GMT 2021","Tue May 04 02:03:12 GMT 2021","25624","SHAFT_Engine: Custom Suite","SHAFT_Engine: Custom Test","testPackage01.Test_NewValidationHelper","testPackage01.Test_NewValidationHelper","f21","f21",""
"passed","Tue May 04 02:03:14 GMT 2021","Tue May 04 02:03:14 GMT 2021","5","SHAFT_Engine: Custom Suite","SHAFT_Engine: Custom Test","testPackage01.Test_NewValidationHelper","testPackage01.Test_NewValidationHelper","f5","f5",""
"passed","Tue May 04 02:06:37 GMT 2021","Tue May 04 02:06:37 GMT 2021","1","SHAFT_Engine: Custom Suite","SHAFT_Engine: Custom Test","unitTests.tests_validations_assertions","unitTests.tests_validations_assertions","assertEquals_true_expectedToPass","Assert that assertEquals works as expected when the two values are equal.",""
"passed","Tue May 04 02:01:50 GMT 2021","Tue May 04 02:01:53 GMT 2021","2823","SHAFT_Engine: Custom Suite","SHAFT_Engine: Custom Test","testPackage01.Test_uploadFile","testPackage01.Test_uploadFile","uploadFile_visibleUploadInput","uploadFile_visibleUploadInput",""
"passed","Tue May 04 02:04:23 GMT 2021","Tue May 04 02:04:24 GMT 2021","1104","SHAFT_Engine: Custom Suite","SHAFT_Engine: Custom Test","unitTests.tests_validations_assertions","unitTests.tests_validations_assertions","assertElementAttribute_false_caseInsensitiveComparison_expectedToFail","assertElementAttribute_false_caseInsensitiveComparison_expectedToFail",""
"passed","Tue May 04 02:01:32 GMT 2021","Tue May 04 02:01:36 GMT 2021","3980","SHAFT_Engine: Custom Suite","SHAFT_Engine: Custom Test","testPackage01.Test_chainableElementActions","testPackage01.Test_chainableElementActions","chainElementActions","chainElementActions",""
"passed","Tue May 04 02:05:07 GMT 2021","Tue May 04 02:05:08 GMT 2021","1000","SHAFT_Engine: Custom Suite","SHAFT_Engine: Custom Test","unitTests.tests_validations_assertions","unitTests.tests_validations_assertions","assertElementAttribute_true_regexComparison_expectedToFail","assertElementAttribute_true_regexComparison_expectedToFail",""
